version,N,p,b,reps,mediana_s,tiempos_s,gflops,residuo
paralelizado,100,1,128,10,0.000570,0.001471;0.000608;0.000574;0.000572;0.000574;0.000558;0.000559;0.000569;0.000560;0.000563,0.5844,1.20e-16
paralelizado,100,2,128,10,0.000632,0.000897;0.000663;0.000615;0.000597;0.000679;0.000797;0.000638;0.000614;0.000611;0.000626,0.5273,1.20e-16
paralelizado,100,4,128,10,0.000807,0.000983;0.000977;0.000727;0.000713;0.000774;0.000840;0.001050;0.000961;0.000704;0.000704,0.4131,1.20e-16
paralelizado,100,8,128,10,0.000979,0.000951;0.000691;0.000785;0.000982;0.000964;0.000996;0.001031;0.000977;0.000981;0.000984,0.3404,1.20e-16
paralelizado,200,1,128,10,0.001443,0.011623;0.001557;0.001449;0.001379;0.001548;0.001438;0.001502;0.001405;0.001380;0.001353,1.8475,1.04e-16
paralelizado,200,2,128,10,0.001396,0.002263;0.001411;0.001385;0.001328;0.001330;0.001348;0.001314;0.001406;0.001422;0.001594,1.9106,1.04e-16
paralelizado,200,4,128,10,0.001369,0.002498;0.001678;0.001440;0.001401;0.001384;0.001353;0.001327;0.001322;0.001331;0.001322,1.9485,1.04e-16
paralelizado,200,8,128,10,0.002474,0.003526;0.002753;0.002484;0.002393;0.002430;0.002488;0.002463;0.002518;0.002464;0.002456,1.0779,1.04e-16
paralelizado,300,1,128,10,0.002430,0.003754;0.002267;0.002227;0.002206;0.002280;0.002451;0.002465;0.002409;0.003038;0.004358,3.7039,1.48e-16
paralelizado,300,2,128,10,0.002339,0.003381;0.002744;0.002355;0.002719;0.002279;0.002322;0.002218;0.002288;0.002550;0.002254,3.8485,1.48e-16
paralelizado,300,4,128,10,0.002342,0.004359;0.002615;0.002399;0.002341;0.002280;0.002259;0.002258;0.002349;0.002344;0.002338,3.8426,1.48e-16
paralelizado,300,8,128,10,0.003071,0.004513;0.002876;0.003184;0.003129;0.002973;0.002970;0.002970;0.003361;0.003147;0.003014,2.9302,1.48e-16
paralelizado,400,1,128,10,0.003152,0.003921;0.003237;0.003089;0.003137;0.003090;0.003177;0.003211;0.003079;0.003086;0.003167,6.7680,1.20e-16
paralelizado,400,2,128,10,0.003504,0.005301;0.003445;0.003257;0.004098;0.003564;0.003439;0.003679;0.003661;0.003400;0.003238,6.0875,1.20e-16
paralelizado,400,4,128,10,0.003594,0.005650;0.003857;0.003550;0.003319;0.003989;0.003676;0.003272;0.003637;0.003516;0.003315,5.9358,1.20e-16
paralelizado,400,8,128,10,0.004198,0.006132;0.004175;0.004271;0.004221;0.003651;0.003576;0.004063;0.003743;0.005101;0.005138,5.0817,1.20e-16
paralelizado,500,1,128,10,0.004766,0.005101;0.004997;0.004756;0.004642;0.004872;0.004729;0.004600;0.004960;0.004721;0.004776,8.7431,1.04e-16
paralelizado,500,2,128,10,0.005616,0.006429;0.005575;0.005001;0.004940;0.005725;0.004973;0.005656;0.006042;0.005698;0.004649,7.4195,1.04e-16
paralelizado,500,4,128,10,0.004835,0.007362;0.004913;0.005107;0.004744;0.004814;0.005465;0.004706;0.004856;0.004736;0.004509,8.6181,1.04e-16
paralelizado,500,8,128,10,0.005645,0.008536;0.006255;0.007243;0.006570;0.005799;0.005353;0.005108;0.005491;0.005223;0.005487,7.3808,1.04e-16
paralelizado,1000,1,128,10,0.020853,0.018413;0.017630;0.018560;0.018563;0.017622;0.027287;0.044056;0.027947;0.042733;0.023142,15.9851,8.23e-17
paralelizado,1000,2,128,10,0.017908,0.020433;0.017638;0.019388;0.019016;0.017705;0.017967;0.017850;0.017314;0.020056;0.017313,18.6132,8.23e-17
paralelizado,1000,4,128,10,0.015809,0.018751;0.017280;0.018081;0.016225;0.015731;0.014678;0.015163;0.015729;0.015815;0.015803,21.0852,8.23e-17
paralelizado,1000,8,128,10,0.020663,0.021360;0.020656;0.023081;0.020671;0.019321;0.022528;0.021622;0.020184;0.020396;0.019861,16.1316,8.23e-17
paralelizado,2000,1,128,10,0.088244,0.088914;0.088765;0.087737;0.087440;0.088462;0.088026;0.084528;0.104366;0.085727;0.091651,30.2192,1.05e-16
paralelizado,2000,2,128,10,0.071036,0.072702;0.071053;0.070393;0.071020;0.071786;0.067486;0.073990;0.068779;0.072263;0.065813,37.5394,1.05e-16
paralelizado,2000,4,128,10,0.059256,0.070132;0.060891;0.064986;0.077672;0.054105;0.061949;0.054910;0.052839;0.057621;0.055729,45.0025,1.05e-16
paralelizado,2000,8,128,10,0.081531,0.105448;0.084593;0.082983;0.083685;0.080080;0.086679;0.076055;0.072131;0.072712;0.071852,32.7073,1.05e-16
paralelizado,5000,1,128,10,0.982917,1.059353;0.960106;1.013119;0.967351;0.993079;0.944833;1.003419;0.962273;0.990832;0.975002,42.3908,
paralelizado,5000,2,128,10,0.557547,0.812884;0.568586;0.557703;0.567135;0.553726;0.555692;0.571192;0.557391;0.556688;0.556470,74.7321,
paralelizado,5000,4,128,10,0.382045,0.493529;0.386061;0.389071;0.380745;0.386292;0.377996;0.379643;0.380642;0.383344;0.379227,109.0623,
paralelizado,5000,8,128,10,0.402423,0.513508;0.434408;0.398932;0.401776;0.399412;0.406911;0.387933;0.403070;0.411729;0.396540,103.5395,
paralelizado,10000,1,128,10,6.680905,6.711698;6.717309;6.660509;6.668381;6.772549;6.791231;6.659419;6.683984;6.646298;6.677826,49.8934,
paralelizado,10000,2,128,10,3.764446,3.823528;3.697626;3.988106;3.773354;3.743183;3.783851;3.774483;3.755538;3.695217;3.737971,88.5478,
paralelizado,10000,4,128,10,2.384799,2.366640;2.402958;2.423142;2.339782;2.458155;2.461085;2.328053;2.362766;2.317542;2.461823,139.7742,
paralelizado,10000,8,128,10,2.272254,2.277179;2.137415;2.105043;2.267329;2.142510;2.447578;2.580681;2.628656;2.336143;2.109339,146.6972,
