dimension_matriz,numero_de_nucleos,tiempo,repeticiones
100,1,0.00057,10
100,2,0.000632,10
100,4,0.000807,10
100,8,0.000979,10
200,1,0.001444,10
200,2,0.001396,10
200,4,0.001368,10
200,8,0.002474,10
300,1,0.00243,10
300,2,0.002338,10
300,4,0.002342,10
300,8,0.003072,10
400,1,0.003152,10
400,2,0.003504,10
400,4,0.003594,10
400,8,0.004198,10
500,1,0.004766,10
500,2,0.005616,10
500,4,0.004835,10
500,8,0.005645,10
1000,1,0.020852,10
1000,2,0.017908,10
1000,4,0.015809,10
1000,8,0.020664,10
2000,1,0.088244,10
2000,2,0.071036,10
2000,4,0.059256,10
2000,8,0.081532,10
5000,1,0.982917,10
5000,2,0.557547,10
5000,4,0.382044,10
5000,8,0.402423,10
10000,1,6.680905,10
10000,2,3.764446,10
10000,4,2.384799,10
10000,8,2.272254,10
