dimension_matriz,numero_de_nucleos,tiempo
100,1,0.037855
100,1,0.003051
100,1,0.002986
100,1,0.002977
100,1,0.003009
100,1,0.003030
100,1,0.003051
100,1,0.003011
100,1,0.003007
100,1,0.002979
100,2,0.002785
100,2,0.002750
100,2,0.002775
100,2,0.002773
100,2,0.002759
100,2,0.002747
100,2,0.002754
100,2,0.002788
100,2,0.002772
100,2,0.002747
100,4,0.002851
100,4,0.002882
100,4,0.002876
100,4,0.002915
100,4,0.002869
100,4,0.002967
100,4,0.002861
100,4,0.002976
100,4,0.002901
100,4,0.002907
100,8,0.002907
100,8,0.002915
100,8,0.002902
100,8,0.002884
100,8,0.002933
100,8,0.002934
100,8,0.002922
100,8,0.002959
100,8,0.002954
100,8,0.002896
100,16,0.003216
100,16,0.003207
100,16,0.003208
100,16,0.003176
100,16,0.003217
100,16,0.003165
100,16,0.003167
100,16,0.003182
100,16,0.003165
100,16,0.003214
100,32,0.003514
100,32,0.003501
100,32,0.003588
100,32,0.003566
100,32,0.003574
100,32,0.003622
100,32,0.003559
100,32,0.003582
100,32,0.003541
100,32,0.003608
100,64,0.012806
100,64,0.012854
100,64,0.012620
100,64,0.012409
100,64,0.012764
100,64,0.013409
100,64,0.012828
100,64,0.012771
100,64,0.012418
100,64,0.012906
100,96,0.016284
100,96,0.016069
100,96,0.016547
100,96,0.018388
100,96,0.016378
100,96,0.017906
100,96,0.016134
100,96,0.016592
100,96,0.026341
100,96,0.016469
200,1,0.092057
200,1,0.015064
200,1,0.014186
200,1,0.014269
200,1,0.014184
200,1,0.014277
200,1,0.014195
200,1,0.014236
200,1,0.014251
200,1,0.014205
200,2,0.012128
200,2,0.011944
200,2,0.012003
200,2,0.011939
200,2,0.011920
200,2,0.011984
200,2,0.012012
200,2,0.011874
200,2,0.011830
200,2,0.011928
200,4,0.011403
200,4,0.011479
200,4,0.011368
200,4,0.011440
200,4,0.011502
200,4,0.011427
200,4,0.011374
200,4,0.011466
200,4,0.011379
200,4,0.011427
200,8,0.011067
200,8,0.011158
200,8,0.011140
200,8,0.010964
200,8,0.011227
200,8,0.011015
200,8,0.010913
200,8,0.011025
200,8,0.010984
200,8,0.011018
200,16,0.011652
200,16,0.011529
200,16,0.011416
200,16,0.011499
200,16,0.011800
200,16,0.011446
200,16,0.011562
200,16,0.011429
200,16,0.011674
200,16,0.011618
200,32,0.012002
200,32,0.011878
200,32,0.011967
200,32,0.011787
200,32,0.011910
200,32,0.011972
200,32,0.012097
200,32,0.011902
200,32,0.011816
200,32,0.012013
200,64,0.020221
200,64,0.037657
200,64,0.020570
200,64,0.020244
200,64,0.020232
200,64,0.020381
200,64,0.020588
200,64,0.020776
200,64,0.045822
200,64,0.020543
200,96,0.024172
200,96,0.025103
200,96,0.024690
200,96,0.041796
200,96,0.024490
200,96,0.024971
200,96,0.024655
200,96,0.024526
200,96,0.024692
200,96,0.024539
300,1,0.169605
300,1,0.037627
300,1,0.037218
300,1,0.037403
300,1,0.037799
300,1,0.037959
300,1,0.037596
300,1,0.038023
300,1,0.037818
300,1,0.037845
300,2,0.029407
300,2,0.029539
300,2,0.029420
300,2,0.029496
300,2,0.029345
300,2,0.029452
300,2,0.029506
300,2,0.029578
300,2,0.029712
300,2,0.029319
300,4,0.026707
300,4,0.026800
300,4,0.026745
300,4,0.026543
300,4,0.026848
300,4,0.026851
300,4,0.026728
300,4,0.026598
300,4,0.026787
300,4,0.026771
300,8,0.024986
300,8,0.024869
300,8,0.024981
300,8,0.024917
300,8,0.024820
300,8,0.025001
300,8,0.024977
300,8,0.025007
300,8,0.024946
300,8,0.025142
300,16,0.025717
300,16,0.025340
300,16,0.025472
300,16,0.025462
300,16,0.025488
300,16,0.025450
300,16,0.025448
300,16,0.025781
300,16,0.025837
300,16,0.025434
300,32,0.025901
300,32,0.025621
300,32,0.025555
300,32,0.025850
300,32,0.025800
300,32,0.025837
300,32,0.025952
300,32,0.025430
300,32,0.025498
300,32,0.025738
300,64,0.034432
300,64,0.034134
300,64,0.034369
300,64,0.034772
300,64,0.034727
300,64,0.034368
300,64,0.034544
300,64,0.034578
300,64,0.034500
300,64,0.034305
300,96,0.039882
300,96,0.052524
300,96,0.039448
300,96,0.039808
300,96,0.040241
300,96,0.040052
300,96,0.039843
300,96,0.044671
300,96,0.040810
300,96,0.039990
400,1,0.275792
400,1,0.077813
400,1,0.077231
400,1,0.077242
400,1,0.077357
400,1,0.077432
400,1,0.077155
400,1,0.077554
400,1,0.077535
400,1,0.077800
400,2,0.058125
400,2,0.058493
400,2,0.058099
400,2,0.057884
400,2,0.058423
400,2,0.057996
400,2,0.058051
400,2,0.058202
400,2,0.058111
400,2,0.057743
400,4,0.051840
400,4,0.051702
400,4,0.051423
400,4,0.051366
400,4,0.051717
400,4,0.051557
400,4,0.051757
400,4,0.051515
400,4,0.051618
400,4,0.051022
400,8,0.046603
400,8,0.046013
400,8,0.045458
400,8,0.046138
400,8,0.046407
400,8,0.046027
400,8,0.046076
400,8,0.046190
400,8,0.046119
400,8,0.046281
400,16,0.045302
400,16,0.044767
400,16,0.045446
400,16,0.044802
400,16,0.044755
400,16,0.045156
400,16,0.045234
400,16,0.045066
400,16,0.044793
400,16,0.044955
400,32,0.045046
400,32,0.045301
400,32,0.045306
400,32,0.045588
400,32,0.045059
400,32,0.045375
400,32,0.045732
400,32,0.045781
400,32,0.045540
400,32,0.045467
400,64,0.054325
400,64,0.053712
400,64,0.053686
400,64,0.054936
400,64,0.054483
400,64,0.054544
400,64,0.076503
400,64,0.079943
400,64,0.053804
400,64,0.063567
400,96,0.060998
400,96,0.061460
400,96,0.061175
400,96,0.060580
400,96,0.061036
400,96,0.060552
400,96,0.060769
400,96,0.061822
400,96,0.060794
400,96,0.060579
500,1,0.461898
500,1,0.136608
500,1,0.139584
500,1,0.136351
500,1,0.137083
500,1,0.135841
500,1,0.136495
500,1,0.136242
500,1,0.135617
500,1,0.136546
500,2,0.098402
500,2,0.098574
500,2,0.098718
500,2,0.098637
500,2,0.098992
500,2,0.098391
500,2,0.098098
500,2,0.098497
500,2,0.098713
500,2,0.098085
500,4,0.084357
500,4,0.085349
500,4,0.084572
500,4,0.085136
500,4,0.084518
500,4,0.085382
500,4,0.084232
500,4,0.084264
500,4,0.085096
500,4,0.084931
500,8,0.075037
500,8,0.074260
500,8,0.074356
500,8,0.075133
500,8,0.074996
500,8,0.073868
500,8,0.074531
500,8,0.073487
500,8,0.074435
500,8,0.074688
500,16,0.070620
500,16,0.071391
500,16,0.071805
500,16,0.070654
500,16,0.070839
500,16,0.071101
500,16,0.070848
500,16,0.070378
500,16,0.071563
500,16,0.071080
500,32,0.070300
500,32,0.071622
500,32,0.071516
500,32,0.071988
500,32,0.070778
500,32,0.071785
500,32,0.071685
500,32,0.071965
500,32,0.072017
500,32,0.071997
500,64,0.079837
500,64,0.078583
500,64,0.078954
500,64,0.078912
500,64,0.079118
500,64,0.079252
500,64,0.079079
500,64,0.080362
500,64,0.079923
500,64,0.079336
500,96,0.089967
500,96,0.088827
500,96,0.088200
500,96,0.088149
500,96,0.087895
500,96,0.088660
500,96,0.089504
500,96,0.087464
500,96,0.089168
500,96,0.088743
1000,1,1.148197
1000,1,0.854827
1000,1,0.849841
1000,1,0.852746
1000,1,0.848501
1000,1,0.853213
1000,1,0.853621
1000,1,0.852788
1000,1,0.853749
1000,1,0.850513
1000,2,0.547660
1000,2,0.549428
1000,2,0.545589
1000,2,0.549803
1000,2,0.551498
1000,2,0.557556
1000,2,0.560117
1000,2,0.551821
1000,2,0.550295
1000,2,0.549923
1000,4,0.420560
1000,4,0.419216
1000,4,0.421236
1000,4,0.419115
1000,4,0.421419
1000,4,0.420354
1000,4,0.417942
1000,4,0.418724
1000,4,0.417580
1000,4,0.421291
1000,8,0.342022
1000,8,0.345459
1000,8,0.343782
1000,8,0.342323
1000,8,0.337400
1000,8,0.341267
1000,8,0.341922
1000,8,0.350165
1000,8,0.345210
1000,8,0.343224
1000,16,0.304862
1000,16,0.308296
1000,16,0.308152
1000,16,0.305263
1000,16,0.306174
1000,16,0.307018
1000,16,0.310078
1000,16,0.304833
1000,16,0.307767
1000,16,0.311503
1000,32,0.281016
1000,32,0.279322
1000,32,0.279656
1000,32,0.280607
1000,32,0.278186
1000,32,0.278614
1000,32,0.280618
1000,32,0.281633
1000,32,0.280791
1000,32,0.278493
1000,64,0.277859
1000,64,0.278584
1000,64,0.279637
1000,64,0.284538
1000,64,0.277915
1000,64,0.280888
1000,64,0.283782
1000,64,0.280234
1000,64,0.279901
1000,64,0.280215
1000,96,0.299448
1000,96,0.297616
1000,96,0.299197
1000,96,0.300545
1000,96,0.298938
1000,96,0.299240
1000,96,0.302031
1000,96,0.302993
1000,96,0.305785
1000,96,0.299061
2000,1,6.732808
2000,1,6.339042
2000,1,6.276981
2000,1,6.245320
2000,1,6.313563
2000,1,6.236609
2000,1,6.259737
2000,1,6.224326
2000,1,6.230052
2000,1,6.252585
2000,2,3.710812
2000,2,3.720827
2000,2,3.702981
2000,2,3.722842
2000,2,3.716799
2000,2,3.710436
2000,2,3.737377
2000,2,3.714241
2000,2,3.708339
2000,2,3.704614
2000,4,2.805892
2000,4,2.706023
2000,4,2.453343
2000,4,2.398241
2000,4,2.457968
2000,4,2.504260
2000,4,2.437839
2000,4,2.542632
2000,4,2.657040
2000,4,2.585278
2000,8,2.027069
2000,8,1.874787
2000,8,1.723267
2000,8,1.747672
2000,8,1.717083
2000,8,1.710819
2000,8,2.069550
2000,8,1.763606
2000,8,1.711633
2000,8,1.897994
2000,16,1.654086
2000,16,1.659805
2000,16,1.666749
2000,16,1.670348
2000,16,1.693648
2000,16,1.666324
2000,16,1.674917
2000,16,1.674671
2000,16,1.651483
2000,16,1.671356
2000,32,1.183030
2000,32,1.189888
2000,32,1.178763
2000,32,1.187007
2000,32,1.189579
2000,32,1.182471
2000,32,1.183825
2000,32,1.184549
2000,32,1.182638
2000,32,1.184730
2000,64,1.110490
2000,64,1.113274
2000,64,1.111812
2000,64,1.112296
2000,64,1.119032
2000,64,1.111045
2000,64,1.120913
2000,64,1.112268
2000,64,1.114585
2000,64,1.114787
2000,96,1.176633
2000,96,1.182449
2000,96,1.196921
2000,96,1.178215
2000,96,1.179768
2000,96,1.179253
2000,96,1.182599
2000,96,1.185157
2000,96,1.181711
2000,96,1.182030
5000,1,128.322693
5000,1,129.329797
5000,1,128.866967
5000,1,127.909645
5000,1,127.539804
5000,1,128.157838
5000,1,126.912343
5000,1,128.922843
5000,1,128.520190
5000,1,127.968244
5000,2,78.484797
5000,2,78.872302
5000,2,80.222373
5000,2,77.866237
5000,2,79.081074
5000,2,78.919378
5000,2,78.678065
5000,2,78.698016
5000,2,79.336400
5000,2,78.330780
5000,4,35.070009
5000,4,34.990245
5000,4,34.771208
5000,4,34.700786
5000,4,35.310879
5000,4,34.757862
5000,4,34.879515
5000,4,35.079380
5000,4,35.022364
5000,4,35.278954
5000,8,32.359895
5000,8,32.170885
5000,8,32.166808
5000,8,32.128884
5000,8,32.672311
5000,8,32.830886
5000,8,32.280535
5000,8,32.787908
5000,8,32.402741
5000,8,32.371566
5000,16,43.648122
5000,16,43.151665
5000,16,43.429609
5000,16,42.881488
5000,16,43.136964
5000,16,42.715517
5000,16,43.923637
5000,16,43.420841
5000,16,42.788086
5000,16,43.249498
5000,32,23.836497
5000,32,23.848983
5000,32,23.826573
5000,32,23.840415
5000,32,23.863460
5000,32,23.827924
5000,32,23.827449
5000,32,23.862770
5000,32,23.886676
5000,32,23.827835
5000,64,15.795427
5000,64,15.815047
5000,64,15.785261
5000,64,15.770740
5000,64,15.797903
5000,64,15.819889
5000,64,15.865761
5000,64,15.790634
5000,64,15.787425
5000,64,15.932629
5000,96,13.642454
5000,96,13.671260
5000,96,13.630504
5000,96,13.627875
5000,96,13.600140
5000,96,13.640334
5000,96,13.624575
5000,96,13.610784
5000,96,13.630287
5000,96,13.582262
10000,1,965.879616
10000,1,965.757436
10000,1,966.039620
10000,1,968.178339
10000,1,970.206484
10000,1,971.498349
10000,1,972.640203
10000,1,973.331344
10000,1,974.645209
10000,1,974.726835
10000,2,546.461134
10000,2,545.291735
10000,2,546.151307
10000,2,547.169477
10000,2,546.908688
10000,2,547.229107
10000,2,547.894759
10000,2,548.277951
10000,2,552.163139
10000,2,552.509619
10000,4,312.296837
10000,4,312.351891
10000,4,313.184132
10000,4,315.404840
10000,4,315.328202
10000,4,315.753856
10000,4,314.964633
10000,4,316.357560
10000,4,315.387002
10000,4,316.593826
10000,8,240.476502
10000,8,234.680270
10000,8,246.542672
10000,8,243.999306
10000,8,238.333049
10000,8,242.020386
10000,8,248.114595
10000,8,244.045785
10000,8,249.322823
10000,8,248.218895
10000,16,331.977458
10000,16,333.173704
10000,16,335.918832
10000,16,335.252829
10000,16,335.076981
10000,16,335.010959
10000,16,337.666070
10000,16,339.106162
10000,16,334.172587
10000,16,335.458048
10000,32,200.011245
10000,32,200.265868
10000,32,200.232096
10000,32,201.062454
10000,32,199.862750
10000,32,199.027791
10000,32,201.091656
10000,32,199.930700
10000,32,198.643672
10000,32,200.527618
10000,64,115.982363
10000,64,116.874889
10000,64,117.310861
10000,64,116.579818
10000,64,115.544685
10000,64,117.409316
10000,64,117.781822
10000,64,116.506160
10000,64,117.428383
10000,64,117.264197
10000,96,111.837577
10000,96,112.260059
10000,96,111.181036
10000,96,112.749222
10000,96,112.348275
10000,96,114.258339
10000,96,110.101719
10000,96,111.018246
10000,96,112.529662
10000,96,113.621847
