dimension_matriz,numero_de_nucleos,tiempo
100,1,2.412890e-04
100,1,2.689210e-04
100,1,2.260000e-04
100,1,2.141970e-04
100,1,2.336050e-04
100,1,2.089270e-04
100,1,1.966740e-04
100,1,2.042180e-04
100,1,2.206490e-04
100,1,2.008920e-04
100,2,2.600850e-04
100,2,2.576700e-04
100,2,2.521300e-04
100,2,2.554760e-04
100,2,2.584410e-04
100,2,2.450760e-04
100,2,3.368810e-04
100,2,2.377620e-04
100,2,2.966950e-04
100,2,2.828980e-04
100,4,4.205000e-04
100,4,4.759350e-04
100,4,4.012830e-04
100,4,2.999200e-04
100,4,4.231850e-04
100,4,4.749830e-04
100,4,3.960330e-04
100,4,2.887990e-04
100,4,3.047200e-04
100,4,3.065940e-04
100,8,4.598540e-04
100,8,4.927570e-04
100,8,3.668770e-04
100,8,3.458580e-04
100,8,3.929370e-04
100,8,4.573300e-04
100,8,3.701130e-04
100,8,5.102400e-04
100,8,4.262910e-04
100,8,3.585010e-04
200,1,3.856730e-04
200,1,3.415290e-04
200,1,3.457170e-04
200,1,3.483020e-04
200,1,4.637520e-04
200,1,3.367900e-04
200,1,3.371810e-04
200,1,3.302280e-04
200,1,3.327420e-04
200,1,3.666380e-04
200,2,5.384140e-04
200,2,5.144780e-04
200,2,5.189770e-04
200,2,5.073350e-04
200,2,5.230140e-04
200,2,5.293460e-04
200,2,5.408980e-04
200,2,5.426520e-04
200,2,5.560180e-04
200,2,5.168530e-04
200,4,5.736110e-04
200,4,5.967850e-04
200,4,6.851930e-04
200,4,7.951820e-04
200,4,6.630310e-04
200,4,7.900120e-04
200,4,6.539940e-04
200,4,8.197390e-04
200,4,5.919850e-04
200,4,6.078870e-04
200,8,7.674490e-04
200,8,7.632420e-04
200,8,8.994500e-04
200,8,7.180560e-04
200,8,8.584220e-04
200,8,7.545850e-04
200,8,7.814550e-04
200,8,1.126142e-03
200,8,7.931890e-04
200,8,8.080070e-04
300,1,6.389850e-04
300,1,5.910940e-04
300,1,6.147690e-04
300,1,7.249690e-04
300,1,7.557170e-04
300,1,6.794220e-04
300,1,7.836410e-04
300,1,6.660470e-04
300,1,5.704850e-04
300,1,7.890810e-04
300,2,8.538130e-04
300,2,8.811850e-04
300,2,9.275040e-04
300,2,8.876170e-04
300,2,8.145890e-04
300,2,8.124440e-04
300,2,8.406790e-04
300,2,8.158410e-04
300,2,9.091490e-04
300,2,8.174240e-04
300,4,8.593440e-04
300,4,8.887900e-04
300,4,9.023160e-04
300,4,9.820680e-04
300,4,8.918560e-04
300,4,8.833600e-04
300,4,8.149800e-04
300,4,8.585520e-04
300,4,8.830490e-04
300,4,8.518900e-04
300,8,1.183971e-03
300,8,1.252071e-03
300,8,1.237333e-03
300,8,1.102336e-03
300,8,1.482408e-03
300,8,1.027293e-03
300,8,1.105392e-03
300,8,1.169524e-03
300,8,1.244497e-03
300,8,1.130319e-03
400,1,1.082057e-03
400,1,1.088981e-03
400,1,1.051440e-03
400,1,9.715770e-04
400,1,1.365838e-03
400,1,1.223336e-03
400,1,1.166788e-03
400,1,1.264845e-03
400,1,1.550267e-03
400,1,1.381416e-03
400,2,1.328937e-03
400,2,1.198259e-03
400,2,1.456910e-03
400,2,1.332393e-03
400,2,1.311814e-03
400,2,1.398339e-03
400,2,1.294752e-03
400,2,1.258974e-03
400,2,1.189171e-03
400,2,1.233465e-03
400,4,1.414239e-03
400,4,1.256450e-03
400,4,1.452962e-03
400,4,1.115933e-03
400,4,1.196005e-03
400,4,1.366348e-03
400,4,1.552142e-03
400,4,1.289181e-03
400,4,1.215281e-03
400,4,1.313999e-03
400,8,2.379605e-03
400,8,2.160839e-03
400,8,1.613058e-03
400,8,1.680676e-03
400,8,2.098401e-03
400,8,1.621279e-03
400,8,1.518167e-03
400,8,1.649026e-03
400,8,1.703119e-03
400,8,1.670587e-03
500,1,2.018929e-03
500,1,1.892329e-03
500,1,1.721294e-03
500,1,1.671609e-03
500,1,1.712547e-03
500,1,1.876578e-03
500,1,1.682049e-03
500,1,1.715583e-03
500,1,1.688511e-03
500,1,1.644918e-03
500,2,1.688230e-03
500,2,1.824490e-03
500,2,1.828553e-03
500,2,2.368474e-03
500,2,1.786537e-03
500,2,1.740420e-03
500,2,1.900514e-03
500,2,2.005645e-03
500,2,1.738577e-03
500,2,1.738536e-03
500,4,1.751530e-03
500,4,1.762280e-03
500,4,1.540394e-03
500,4,1.587258e-03
500,4,1.889163e-03
500,4,1.760483e-03
500,4,2.099402e-03
500,4,1.597449e-03
500,4,1.849106e-03
500,4,1.624930e-03
500,8,2.187029e-03
500,8,2.331293e-03
500,8,2.428258e-03
500,8,1.986738e-03
500,8,2.469265e-03
500,8,2.746231e-03
500,8,2.332926e-03
500,8,2.023368e-03
500,8,2.377712e-03
500,8,2.312773e-03
1000,1,1.094458e-02
1000,1,1.162187e-02
1000,1,1.094682e-02
1000,1,1.282721e-02
1000,1,1.053314e-02
1000,1,1.111119e-02
1000,1,1.088438e-02
1000,1,1.073864e-02
1000,1,1.075405e-02
1000,1,1.099521e-02
1000,2,6.796333e-03
1000,2,8.636790e-03
1000,2,8.000022e-03
1000,2,7.503134e-03
1000,2,6.953182e-03
1000,2,6.945086e-03
1000,2,6.873170e-03
1000,2,6.356348e-03
1000,2,7.380795e-03
1000,2,7.057831e-03
1000,4,6.548337e-03
1000,4,5.950992e-03
1000,4,6.411261e-03
1000,4,6.681605e-03
1000,4,6.043252e-03
1000,4,5.882877e-03
1000,4,5.687891e-03
1000,4,5.937226e-03
1000,4,5.938121e-03
1000,4,6.523426e-03
1000,8,7.343514e-03
1000,8,6.734968e-03
1000,8,7.913388e-03
1000,8,9.875189e-03
1000,8,6.953765e-03
1000,8,7.589673e-03
1000,8,8.820383e-03
1000,8,7.363643e-03
1000,8,7.697709e-03
1000,8,6.806808e-03
2000,1,8.164290e-02
2000,1,8.343029e-02
2000,1,8.443741e-02
2000,1,8.291034e-02
2000,1,8.340276e-02
2000,1,8.365126e-02
2000,1,8.079149e-02
2000,1,8.447460e-02
2000,1,8.383418e-02
2000,1,8.776622e-02
2000,2,4.609348e-02
2000,2,4.523793e-02
2000,2,4.313877e-02
2000,2,4.153547e-02
2000,2,4.394270e-02
2000,2,4.123194e-02
2000,2,4.718579e-02
2000,2,4.527596e-02
2000,2,4.125983e-02
2000,2,4.268514e-02
2000,4,4.423347e-02
2000,4,4.129364e-02
2000,4,4.090546e-02
2000,4,5.054488e-02
2000,4,4.086386e-02
2000,4,4.278227e-02
2000,4,4.190285e-02
2000,4,4.166621e-02
2000,4,4.983315e-02
2000,4,3.870799e-02
2000,8,4.245293e-02
2000,8,4.135806e-02
2000,8,4.282993e-02
2000,8,4.234803e-02
2000,8,4.317412e-02
2000,8,3.994099e-02
2000,8,4.438297e-02
2000,8,4.291721e-02
2000,8,4.510454e-02
2000,8,4.813925e-02
5000,1,1.353734e+00
5000,1,1.281390e+00
5000,1,1.269471e+00
5000,1,1.329985e+00
5000,1,1.250411e+00
5000,1,1.238010e+00
5000,1,1.268639e+00
5000,1,1.240475e+00
5000,1,1.231422e+00
5000,1,1.257428e+00
5000,2,5.025887e-01
5000,2,4.942042e-01
5000,2,4.989211e-01
5000,2,5.284026e-01
5000,2,5.334552e-01
5000,2,5.608173e-01
5000,2,5.157902e-01
5000,2,5.351373e-01
5000,2,5.424266e-01
5000,2,5.055859e-01
5000,4,4.855946e-01
5000,4,4.850775e-01
5000,4,4.793217e-01
5000,4,4.382600e-01
5000,4,4.119895e-01
5000,4,4.472409e-01
5000,4,4.432699e-01
5000,4,4.276144e-01
5000,4,5.277571e-01
5000,4,4.371929e-01
5000,8,4.410452e-01
5000,8,4.217233e-01
5000,8,4.427686e-01
5000,8,4.081742e-01
5000,8,4.309056e-01
5000,8,4.733364e-01
5000,8,4.593064e-01
5000,8,4.199560e-01
5000,8,4.485259e-01
5000,8,4.261996e-01
10000,1,1.008146e+01
10000,1,1.003206e+01
10000,1,1.008492e+01
10000,1,1.020407e+01
10000,1,1.002956e+01
10000,1,9.841655e+00
10000,1,9.998298e+00
10000,1,9.994544e+00
10000,1,9.956333e+00
10000,1,9.932716e+00
10000,2,4.250621e+00
10000,2,4.080375e+00
10000,2,4.235268e+00
10000,2,4.146290e+00
10000,2,4.052261e+00
10000,2,4.254943e+00
10000,2,3.954062e+00
10000,2,3.888014e+00
10000,2,3.894046e+00
10000,2,4.002604e+00
10000,4,3.056168e+00
10000,4,2.992280e+00
10000,4,3.031022e+00
10000,4,3.123780e+00
10000,4,2.964100e+00
10000,4,3.016583e+00
10000,4,3.028484e+00
10000,4,2.858267e+00
10000,4,2.968152e+00
10000,4,3.168443e+00
10000,8,2.926987e+00
10000,8,3.063251e+00
10000,8,3.182414e+00
10000,8,3.028225e+00
10000,8,3.171570e+00
10000,8,3.232959e+00
10000,8,3.017790e+00
10000,8,2.973865e+00
10000,8,3.273250e+00
10000,8,3.068513e+00
